{
  "vaksms": {
    "name": "VAK-SMS (vak-sms.com)",
    "serviceId": "tg",
    "countryList": {
      "0": "Russia",
      "1": "Ukraine",
      "2": "Kazakhstan",
      "3": "China",
      "4": "Philippines",
      "5": "Myanmar",
      "6": "Indonesia",
      "7": "Malaysia",
      "8": "Kenya",
      "9": "Tanzania",
      "10": "Vietnam",
      "11": "Kyrgyzstan",
      "12": "United States Of America [Virtual]",
      "13": "Israel",
      "14": "Hongkong",
      "15": "Poland",
      "16": "England",
      "17": "Madagascar",
      "18": "Dcongo",
      "19": "Nigeria",
      "20": "Macao",
      "21": "Egypt",
      "22": "India",
      "23": "Ireland",
      "24": "Cambodia",
      "25": "Laos",
      "26": "Haiti",
      "27": "Ivory",
      "28": "Gambia",
      "29": "Serbia",
      "30": "Yemen",
      "31": "Southafrica",
      "32": "Romania",
      "33": "Colombia",
      "34": "Estonia",
      "35": "Azerbaijan",
      "36": "Canada",
      "37": "Morocco",
      "38": "Ghana",
      "39": "Argentina",
      "40": "Uzbekistan",
      "41": "Cameroon",
      "42": "Chad",
      "43": "Germany",
      "44": "Lithuania",
      "45": "Croatia",
      "46": "Sweden",
      "47": "Iraq",
      "48": "Netherlands",
      "49": "Latvia",
      "50": "Austria",
      "51": "Belarus",
      "52": "Thailand",
      "53": "Saudiarabia",
      "54": "Mexico",
      "55": "Taiwan",
      "56": "Spain",
      "57": "Iran",
      "58": "Algeria",
      "59": "Slovenia",
      "60": "Bangladesh",
      "61": "Senegal",
      "62": "Turkey",
      "63": "Czech",
      "64": "Srilanka",
      "65": "Peru",
      "66": "Pakistan",
      "67": "Newzealand",
      "68": "Guinea",
      "69": "Mali",
      "70": "Venezuela",
      "71": "Ethiopia",
      "72": "Mongolia",
      "73": "Brazil",
      "74": "Afghanistan",
      "75": "Uganda",
      "76": "Angola",
      "77": "Cyprus",
      "78": "France",
      "79": "Papua",
      "80": "Mozambique",
      "81": "Nepal",
      "82": "Belgium",
      "83": "Bulgaria",
      "84": "Hungary",
      "85": "Moldova",
      "86": "Italy",
      "87": "Paraguay",
      "88": "Honduras",
      "89": "Tunisia",
      "90": "Nicaragua",
      "91": "Timorleste",
      "92": "Bolivia",
      "93": "Costarica",
      "94": "Guatemala",
      "95": "Uae",
      "96": "Zimbabwe",
      "97": "Puertorico",
      "98": "Sudan",
      "99": "Togo",
      "100": "Kuwait",
      "101": "Salvador",
      "102": "Libyan",
      "103": "Jamaica",
      "104": "Trinidad",
      "105": "Ecuador",
      "106": "Swaziland",
      "107": "Oman",
      "108": "Bosnia",
      "109": "Dominican",
      "110": "Syrian",
      "111": "Qatar",
      "112": "Panama",
      "113": "Cuba",
      "114": "Mauritania",
      "115": "Sierraleone",
      "116": "Jordan",
      "117": "Portugal",
      "118": "Barbados",
      "119": "Burundi",
      "120": "Benin",
      "121": "Brunei",
      "122": "Bahamas",
      "123": "Botswana",
      "124": "Belize",
      "125": "Caf",
      "126": "Dominica",
      "127": "Grenada",
      "128": "Georgia",
      "129": "Greece",
      "130": "Guineabissau",
      "131": "Guyana",
      "132": "Iceland",
      "133": "Comoros",
      "134": "Saintkitts",
      "135": "Liberia",
      "136": "Lesotho",
      "137": "Malawi",
      "138": "Namibia",
      "139": "Niger",
      "140": "Rwanda",
      "141": "Slovakia",
      "142": "Suriname",
      "143": "Tajikistan",
      "144": "Monaco",
      "145": "Bahrain",
      "146": "Reunion",
      "147": "Zambia",
      "148": "Armenia",
      "149": "Somalia",
      "150": "Congo",
      "151": "Chile",
      "152": "Burkinafaso",
      "153": "Lebanon",
      "154": "Gabon",
      "155": "Albania",
      "156": "Uruguay",
      "157": "Mauritius",
      "158": "Bhutan",
      "159": "Maldives",
      "160": "Guadeloupe",
      "161": "Turkmenistan",
      "162": "Frenchguiana",
      "163": "Finland",
      "164": "Saintlucia",
      "165": "Luxembourg",
      "166": "Saintvincentgrenadines",
      "167": "Equatorialguinea",
      "168": "Djibouti",
      "169": "Antiguabarbuda",
      "170": "Caymanislands",
      "171": "Montenegro",
      "172": "Denmark",
      "173": "Switzerland",
      "174": "Norway",
      "175": "Australia",
      "176": "Eritrea",
      "177": "Southsudan",
      "178": "Saotomeandprincipe",
      "179": "Aruba",
      "180": "Montserrat",
      "181": "Anguilla",
      "183": "Northmacedonia",
      "184": "Seychelles",
      "185": "Newcaledonia",
      "186": "Capeverde",
      "187": "United States Of America",
      "188": "Palestine",
      "189": "Fiji",
      "196": "Singapore",
      "201": "Gibraltar",
      "203": "Kosovo"
    }
  },
  "smshub": {
    "name": "SMSHUB (smshub.org)",
    "serviceId": "tg",
    "countryList": {
      "0": "Russia",
      "1": "Ukraine",
      "2": "Kazakhstan",
      "3": "China",
      "4": "Philippines",
      "5": "Myanmar",
      "6": "Indonesia",
      "7": "Malaysia",
      "8": "Kenya",
      "9": "Tanzania",
      "10": "Vietnam",
      "11": "Kyrgyzstan",
      "12": "United States Of America [Virtual]",
      "13": "Israel",
      "14": "Hongkong",
      "15": "Poland",
      "16": "England",
      "17": "Madagascar",
      "18": "Dcongo",
      "19": "Nigeria",
      "20": "Macao",
      "21": "Egypt",
      "22": "India",
      "23": "Ireland",
      "24": "Cambodia",
      "25": "Laos",
      "26": "Haiti",
      "27": "Ivory",
      "28": "Gambia",
      "29": "Serbia",
      "30": "Yemen",
      "31": "Southafrica",
      "32": "Romania",
      "33": "Colombia",
      "34": "Estonia",
      "35": "Azerbaijan",
      "36": "Canada",
      "37": "Morocco",
      "38": "Ghana",
      "39": "Argentina",
      "40": "Uzbekistan",
      "41": "Cameroon",
      "42": "Chad",
      "43": "Germany",
      "44": "Lithuania",
      "45": "Croatia",
      "46": "Sweden",
      "47": "Iraq",
      "48": "Netherlands",
      "49": "Latvia",
      "50": "Austria",
      "51": "Belarus",
      "52": "Thailand",
      "53": "Saudiarabia",
      "54": "Mexico",
      "55": "Taiwan",
      "56": "Spain",
      "57": "Iran",
      "58": "Algeria",
      "59": "Slovenia",
      "60": "Bangladesh",
      "61": "Senegal",
      "62": "Turkey",
      "63": "Czech",
      "64": "Srilanka",
      "65": "Peru",
      "66": "Pakistan",
      "67": "Newzealand",
      "68": "Guinea",
      "69": "Mali",
      "70": "Venezuela",
      "71": "Ethiopia",
      "72": "Mongolia",
      "73": "Brazil",
      "74": "Afghanistan",
      "75": "Uganda",
      "76": "Angola",
      "77": "Cyprus",
      "78": "France",
      "79": "Papua",
      "80": "Mozambique",
      "81": "Nepal",
      "82": "Belgium",
      "83": "Bulgaria",
      "84": "Hungary",
      "85": "Moldova",
      "86": "Italy",
      "87": "Paraguay",
      "88": "Honduras",
      "89": "Tunisia",
      "90": "Nicaragua",
      "91": "Timorleste",
      "92": "Bolivia",
      "93": "Costarica",
      "94": "Guatemala",
      "95": "Uae",
      "96": "Zimbabwe",
      "97": "Puertorico",
      "98": "Sudan",
      "99": "Togo",
      "100": "Kuwait",
      "101": "Salvador",
      "102": "Libyan",
      "103": "Jamaica",
      "104": "Trinidad",
      "105": "Ecuador",
      "106": "Swaziland",
      "107": "Oman",
      "108": "Bosnia",
      "109": "Dominican",
      "110": "Syrian",
      "111": "Qatar",
      "112": "Panama",
      "113": "Cuba",
      "114": "Mauritania",
      "115": "Sierraleone",
      "116": "Jordan",
      "117": "Portugal",
      "118": "Barbados",
      "119": "Burundi",
      "120": "Benin",
      "121": "Brunei",
      "122": "Bahamas",
      "123": "Botswana",
      "124": "Belize",
      "125": "Caf",
      "126": "Dominica",
      "127": "Grenada",
      "128": "Georgia",
      "129": "Greece",
      "130": "Guineabissau",
      "131": "Guyana",
      "132": "Iceland",
      "133": "Comoros",
      "134": "Saintkitts",
      "135": "Liberia",
      "136": "Lesotho",
      "137": "Malawi",
      "138": "Namibia",
      "139": "Niger",
      "140": "Rwanda",
      "141": "Slovakia",
      "142": "Suriname",
      "143": "Tajikistan",
      "144": "Monaco",
      "145": "Bahrain",
      "146": "Reunion",
      "147": "Zambia",
      "148": "Armenia",
      "149": "Somalia",
      "150": "Congo",
      "151": "Chile",
      "152": "Burkinafaso",
      "153": "Lebanon",
      "154": "Gabon",
      "155": "Albania",
      "156": "Uruguay",
      "157": "Mauritius",
      "158": "Bhutan",
      "159": "Maldives",
      "160": "Guadeloupe",
      "161": "Turkmenistan",
      "162": "Frenchguiana",
      "163": "Finland",
      "164": "Saintlucia",
      "165": "Luxembourg",
      "166": "Saintvincentgrenadines",
      "167": "Equatorialguinea",
      "168": "Djibouti",
      "169": "Antiguabarbuda",
      "170": "Caymanislands",
      "171": "Montenegro",
      "172": "Denmark",
      "173": "Switzerland",
      "174": "Norway",
      "175": "Australia",
      "176": "Eritrea",
      "177": "Southsudan",
      "178": "Saotomeandprincipe",
      "179": "Aruba",
      "180": "Montserrat",
      "181": "Anguilla",
      "183": "Northmacedonia",
      "184": "Seychelles",
      "185": "Newcaledonia",
      "186": "Capeverde",
      "187": "United States Of America",
      "188": "Palestine",
      "189": "Fiji",
      "196": "Singapore",
      "201": "Gibraltar",
      "203": "Kosovo"
    }
  },
  "tigersms": {
    "name": "TIGER SMS (tiger-sms.com)",
    "serviceId": "tg",
    "countryList": {
      "1": "Ukraine",
      "2": "Kazakhstan",
      "3": "China",
      "4": "Philippines",
      "5": "Myanmar",
      "6": "Indonesia",
      "7": "Malaysia",
      "8": "Kenya",
      "9": "Tanzania",
      "10": "Vietnam",
      "11": "Kyrgyzstan",
      "12": "United States Of America [Virtual]",
      "13": "Israel",
      "14": "Hong Kong",
      "15": "Poland",
      "16": "United Kingdom",
      "17": "Madagascar",
      "18": "Congo (Dem. Republic)",
      "19": "Nigeria",
      "20": "Macau",
      "21": "Egypt",
      "22": "India",
      "23": "Ireland",
      "24": "Cambodia",
      "25": "Lao People's",
      "26": "Haiti",
      "27": "Cote d'Ivoire/Ivory Coast",
      "28": "Gambia",
      "29": "Serbia",
      "30": "Yemen",
      "31": "South Africa",
      "32": "Romania",
      "33": "Colombia",
      "34": "Estonia",
      "35": "Azerbaijan",
      "36": "Canada",
      "37": "Morocco",
      "38": "Ghana",
      "39": "Argentinas",
      "40": "Uzbekistan",
      "41": "Cameroon",
      "42": "Chad",
      "43": "Germany",
      "44": "Lithuania",
      "45": "Croatia",
      "46": "Sweden",
      "47": "Iraq",
      "48": "Netherlands",
      "49": "Latvia",
      "50": "Austria",
      "51": "Belarus",
      "52": "Thailand",
      "53": "Saudi Arabia",
      "54": "Mexico",
      "55": "Taiwan",
      "56": "Spain",
      "57": "Iran",
      "58": "Algeria",
      "59": "Slovenia",
      "60": "Bangladesh",
      "61": "Senegal",
      "62": "Turkey",
      "63": "Czech Republic",
      "64": "Sri Lanka",
      "65": "Peru",
      "66": "Pakistan",
      "67": "New Zealand",
      "68": "Guinea",
      "69": "Mali",
      "70": "Venezuela",
      "71": "Ethiopia",
      "72": "Mongolia",
      "73": "Brazil",
      "74": "Afghanistan",
      "75": "Uganda",
      "76": "Angola",
      "77": "Cyprus",
      "78": "France",
      "79": "Papua new gvineya",
      "80": "Mozambique",
      "81": "Nepal",
      "82": "Belgium",
      "83": "Bulgaria",
      "84": "Hungary",
      "85": "Moldova, Republic of",
      "86": "Italy",
      "87": "Paraguay",
      "88": "Honduras",
      "89": "Tunisia",
      "90": "Nicaragua",
      "91": "Timor-Leste",
      "92": "Bolivia",
      "93": "Costa Rica",
      "94": "Guatemala",
      "95": "United Arab Emirates",
      "96": "Zimbabwe",
      "97": "Puerto Rico",
      "98": "Sudan",
      "99": "Togo",
      "100": "Kuwait",
      "101": "El Salvador",
      "102": "Libya",
      "103": "Jamaica",
      "104": "Trinidad and Tobago",
      "105": "Ecuador",
      "106": "Swaziland",
      "107": "Oman",
      "108": "Bosnia and Herzegovina",
      "109": "Dominican Republic",
      "110": "Syrian Arab Republic",
      "111": "Qatar",
      "112": "Panama",
      "113": "Cuba",
      "114": "Mauritania",
      "115": "Sierra Leone",
      "116": "Jordan",
      "117": "Portugal",
      "118": "Barbados",
      "119": "Burundi",
      "120": "Benin",
      "121": "Brunei Darussalam",
      "122": "Bahamas",
      "123": "Botswana",
      "124": "Belize",
      "125": "Central African Republic",
      "126": "Dominica",
      "127": "Grenada",
      "128": "Georgia",
      "129": "Greece",
      "130": "Guinea-Bissau",
      "131": "Guyana",
      "132": "Iceland",
      "133": "Comoros",
      "134": "Saint Kitts and Nevis",
      "135": "Liberia",
      "136": "Lesotho",
      "137": "Malawi",
      "138": "Nambia",
      "139": "Niger",
      "140": "Rwanda",
      "141": "Slovakia",
      "142": "Suriname",
      "143": "Tajikistan",
      "144": "Monaco",
      "145": "Bahrain",
      "146": "Reunion",
      "147": "Zambia",
      "148": "Armenia",
      "149": "Somalia",
      "150": "Congo",
      "151": "Chile",
      "152": "Burkina Faso",
      "153": "Lebanon",
      "154": "Gabon",
      "155": "Albania",
      "156": "Uruguay",
      "157": "Mauritius",
      "158": "Bhutan",
      "159": "Maldives",
      "160": "Guadeloupe",
      "161": "Turkmenistan",
      "162": "French Guiana",
      "163": "Finland",
      "164": "Saint Lucia",
      "165": "Luxembourg",
      "166": "Saint Vincent",
      "167": "Equatorial Guinea",
      "168": "Djibouti",
      "169": "Antigua and Barbuda",
      "170": "Cayman islands",
      "171": "Montenegro",
      "172": "Denmark",
      "173": "Switzerland",
      "174": "Norway",
      "175": "Australia",
      "176": "Eritrea",
      "177": "South Sudan",
      "178": "Sao Tome and Principe",
      "179": "Aruba",
      "180": "Montserrat",
      "181": "Anguilla",
      "182": "Japan",
      "183": "Macedonia",
      "184": "Seychelles",
      "185": "New Caledonia",
      "186": "Cape Verde",
      "187": "United States Of America",
      "188": "Palestine",
      "189": "Fiji",
      "190": "Korea",
      "193": "Solomon Islands",
      "195": "Bermuda",
      "196": "Singapore",
      "197": "Tonga",
      "198": "Samoa",
      "199": "Malta",
      "201": "Gibraltar",
      "1001": "United States Of America [VIP]"
    }
  }
}
